全国地方公共団体コード,ID,地方公共団体名,名称,名称_カナ,POIコード,所在地_連結表記,建物名等(方書),緯度,経度,管理番号,公簿面積,備考
092088,0114000001,栃木県小山市,東道上１号公園,ヒガシミチウエイチゴウコウエン,1003,栃木県小山市粟宮1027-14,,139.78604,36.28414,,,
092088,0114000002,栃木県小山市,粟宮第一公園,アワノミヤダイイチコウエン,1003,栃木県小山市粟宮1038-1,,139.784017,36.285612,,,
092088,0114000003,栃木県小山市,宮内公園,ミヤウチコウエン,1003,栃木県小山市粟宮1-12,,139.78709,36.292756,,,
092088,0114000004,栃木県小山市,東道上３号公園,ヒガシミチウエサンゴウコウエン,1003,栃木県小山市粟宮1134-28,,139.785434,36.281881,,,
092088,0114000005,栃木県小山市,東道上公園,ヒガシミチウエコウエン,1003,栃木県小山市粟宮1238-17,,139.783238,36.281574,,,
092088,0114000006,栃木県小山市,西道上公園,ニシミチウエコウエン,1003,栃木県小山市粟宮1407-14,,139.777485,36.28358,,,
092088,0114000007,栃木県小山市,宮内３号公園,ミヤウチサンゴウコウエン,1003,栃木県小山市粟宮1585-19,,139.784332,36.291002,,,
092088,0114000008,栃木県小山市,宮内２号公園,ミヤウチニゴウコウエン,1003,栃木県小山市粟宮1696-8,,139.779344,36.288123,,,
092088,0114000009,栃木県小山市,粟宮１号公園,アワノミヤイチゴウコウエン,1003,栃木県小山市粟宮1830-22,,139.784294,36.294932,,,
092088,0114000010,栃木県小山市,粟宮２号公園,アワノミヤニゴウコウエン,1003,栃木県小山市粟宮1970-23,,139.783427,36.29408,,,
092088,0114000011,栃木県小山市,西添公園,ニシゾイコウエン,1003,栃木県小山市粟宮2348-17,,139.778225,36.288612,,,
092088,0114000012,栃木県小山市,西添２号公園,ニシゾイニゴウコウエン,1003,栃木県小山市粟宮2387-13,,139.777487,36.285781,,,
092088,0114000013,栃木県小山市,西添３号公園,ニシゾイサンゴウコウエン,1003,栃木県小山市粟宮2432-22,,139.775906,36.286244,,,
092088,0114000014,栃木県小山市,東道上２号公園,ヒガシミチウエニゴウコウエン,1003,栃木県小山市粟宮898-19,,139.788296,36.287488,,,
092088,0114000015,栃木県小山市,下田西５号公園,シモダニシゴゴウコウエン,1003,栃木県小山市羽川1-20,,139.820681,36.351424,,,
092088,0114000016,栃木県小山市,下田西３号公園,シモダニシサンゴウコウエン,1003,栃木県小山市羽川12-32,,139.822133,36.353168,,,
092088,0114000017,栃木県小山市,下田西１号公園,シモダニシイチゴウコウエン,1003,栃木県小山市羽川12-41,,139.822832,36.35264,,,
092088,0114000018,栃木県小山市,庚申原公園,コウシンバラコウエン,1003,栃木県小山市羽川138-39,,139.825764,36.35371,,,
092088,0114000019,栃木県小山市,下往還西２号公園,シモオウカンニシニゴウコウエン,1003,栃木県小山市羽川146-102,,139.826974,36.355565,,,
092088,0114000020,栃木県小山市,下往還西公園,シモオウカンニシコウエン,1003,栃木県小山市羽川146-78,,139.82716,36.355516,,,
092088,0114000021,栃木県小山市,西原下公園,ニシハラシタコウエン,1003,栃木県小山市羽川191-13,,139.824241,36.353839,,,
092088,0114000022,栃木県小山市,陳場２号公園,チンバニゴウコウエン,1003,栃木県小山市羽川285-110,,139.83068,36.364635,,,
092088,0114000023,栃木県小山市,陳場公園,チンバコウエン,1003,栃木県小山市羽川285-49,,139.831373,36.364608,,,
092088,0114000024,栃木県小山市,古泉道１号公園,コセンドウイチゴウコウエン,1003,栃木県小山市羽川287-26,,139.832311,36.366108,,,
092088,0114000025,栃木県小山市,古泉道３号公園,コセンドウサンゴウコウエン,1003,栃木県小山市羽川288-75,,139.832864,36.366966,,,
092088,0114000026,栃木県小山市,古泉道２号公園,コセンドウニゴウコウエン,1003,栃木県小山市羽川293-21,,139.832157,36.365566,,,
092088,0114000027,栃木県小山市,上往還西公園,カミオウカンニシコウエン,1003,栃木県小山市羽川313-18,,139.831173,36.363373,,,
092088,0114000028,栃木県小山市,薬師公園,ヤクシコウエン,1003,栃木県小山市羽川362-5,,139.830415,36.361386,,,
092088,0114000029,栃木県小山市,西屋敷裏３号公園,ニシヤシキウラサンゴウコウエン,1003,栃木県小山市羽川370-32,,139.827738,36.3609015555555,,,
092088,0114000030,栃木県小山市,西屋敷裏２号公園,ニシヤシキウラニゴウコウエン,1003,栃木県小山市羽川384-18,,139.827395,36.360549,,,
092088,0114000031,栃木県小山市,西屋敷裏公園,ニシヤシキウラコウエン,1003,栃木県小山市羽川385-29,,139.826995,36.359872,,,
092088,0114000032,栃木県小山市,西屋敷裏４号公園,ニシヤシキウラヨンゴウコウエン,1003,栃木県小山市羽川385-68,,139.829341,36.359284,,,
092088,0114000033,栃木県小山市,西屋敷裏７号公園,ニシヤシキウラナナゴウコウエン,1003,栃木県小山市羽川388-14,,139.82752,36.358524,,,
092088,0114000034,栃木県小山市,くらしのみち公園,クラシノミチコウエン,1003,栃木県小山市羽川389-1,,139.828693,36.359239,,,
092088,0114000035,栃木県小山市,西屋敷裏５号公園,ニシヤシキウラゴゴウコウエン,1003,栃木県小山市羽川389-8,,139.828591,36.359163,,,
092088,0114000036,栃木県小山市,西屋敷裏６号公園,ニシヤシキウラロクゴウコウエン,1003,栃木県小山市羽川394-21,,139.829044,36.358428,,,
092088,0114000037,栃木県小山市,羽川広場,ハネカワヒロバ,1003,栃木県小山市羽川397-1,,139.827166,36.357402,,,
092088,0114000038,栃木県小山市,上往還東公園,カミオウカンヒガシコウエン,1003,栃木県小山市羽川452-16,,139.834677,36.362453,,,
092088,0114000039,栃木県小山市,上往還東２号公園,カミオウカンヒガシニゴウコウエン,1003,栃木県小山市羽川455-5,,139.833322,36.362809,,,
092088,0114000040,栃木県小山市,下田２号公園,シモダニゴウコウエン,1003,栃木県小山市羽川46-29,,139.822559,36.348912,,,
092088,0114000041,栃木県小山市,コブタ島３号公園,コブタジマサンゴウコウエン,1003,栃木県小山市羽川517-268,,139.837057,36.367946,,,
092088,0114000042,栃木県小山市,コブタ島２号公園,コブタジマニゴウコウエン,1003,栃木県小山市羽川522-39,,139.836493,36.365344,,,
092088,0114000043,栃木県小山市,コブタ島公園,コブタジマコウエン,1003,栃木県小山市羽川527-38,,139.8359,36.365098,,,
092088,0114000044,栃木県小山市,下田３号公園,シモダサンゴウコウエン,1003,栃木県小山市羽川53-19,,139.824157,36.349931,,,
092088,0114000045,栃木県小山市,赤堀公園,アカボリコウエン,1003,栃木県小山市羽川543-21,,139.835328,36.365518,,,
092088,0114000046,栃木県小山市,赤堀４号公園,アカボリヨンゴウコウエン,1003,栃木県小山市羽川553-24,,139.83422,36.363748,,,
092088,0114000047,栃木県小山市,赤堀３号公園,アカボリサンゴウコウエン,1003,栃木県小山市羽川558-33,,139.835195,36.364107,,,
092088,0114000048,栃木県小山市,赤堀２号公園,アカボリニゴウコウエン,1003,栃木県小山市羽川570-18,,139.835288,36.363227,,,
092088,0114000049,栃木県小山市,山ノ内公園,ヤマノウチコウエン,1003,栃木県小山市羽川576-32,,139.835916,36.364368,,,
092088,0114000050,栃木県小山市,下田１号公園,シモダイチゴウコウエン,1003,栃木県小山市羽川60-76,,139.825185,36.351486,,,
092088,0114000051,栃木県小山市,下田西４号公園,シモダニシヨンゴウコウエン,1003,栃木県小山市羽川7-25,,139.823399,36.350944,,,
092088,0114000052,栃木県小山市,二ノ窪公園,ニノクボコウエン,1003,栃木県小山市羽川834-39,,139.825751,36.346911,,,
092088,0114000053,栃木県小山市,下田西２号公園,シモダニシニゴウコウエン,1003,栃木県小山市羽川9-40,,139.821466,36.351862,,,
092088,0114000054,栃木県小山市,羽川ふれあい公園（下田公園）,ハネカワフレアイコウエン（シモダコウエン）,1003,栃木県小山市羽川94-1,,139.827279,36.350301,,,
092088,0114000055,栃木県小山市,上往還西２号公園,カミオウカンニシニゴウコウエン,1003,栃木県小山市羽川字上往還284-35,,139.83001,36.364153,,,
092088,0114000056,栃木県小山市,本田１０号公園,ホンデンジュウゴウコウエン,1003,栃木県小山市雨ヶ谷772-55,,139.818376,36.283265,,,
092088,0114000057,栃木県小山市,愛宕前公園,アタゴマエコウエン,1003,栃木県小山市雨ヶ谷17,,139.811035,36.286023,,,
092088,0114000058,栃木県小山市,本田９号公園,ホンデンキュウゴウコウエン,1003,栃木県小山市雨ヶ谷716-11,,139.821749,36.284015,,,
092088,0114000059,栃木県小山市,本田５号公園,ホンデンゴゴウコウエン,1003,栃木県小山市雨ヶ谷772-18,,139.818756,36.283041,,,
092088,0114000060,栃木県小山市,本田８号公園,ホンデンハチゴウコウエン,1003,栃木県小山市雨ヶ谷785-22,,139.813844,36.284172,,,
092088,0114000061,栃木県小山市,本田４号公園,ホンデンヨンゴウコウエン,1003,栃木県小山市雨ヶ谷796-15,,139.814428,36.285947,,,
092088,0114000062,栃木県小山市,本田６号公園,ホンデンロクゴウコウエン,1003,栃木県小山市雨ヶ谷801-31,,139.819552,36.283781,,,
092088,0114000063,栃木県小山市,本田公園,ホンデンコウエン,1003,栃木県小山市雨ヶ谷820-23,,139.819872,36.284196,,,
092088,0114000064,栃木県小山市,本田３号公園,ホンデンサンゴウコウエン,1003,栃木県小山市雨ヶ谷826-18,,139.820572,36.28423,,,
092088,0114000065,栃木県小山市,本田７号公園,ホンデンナナゴウコウエン,1003,栃木県小山市雨ヶ谷830-25,,139.818194,36.285694,,,
092088,0114000066,栃木県小山市,木島谷公園,キジマヤコウエン,1003,栃木県小山市雨ヶ谷858-19,,139.815508,36.287256,,,
092088,0114000067,栃木県小山市,稲荷前公園,イナリマエコウエン,1003,栃木県小山市雨ヶ谷新田27-15,,139.81578,36.28777,,,
092088,0114000068,栃木県小山市,稲荷前２号公園,イナリマエニゴウコウエン,1003,栃木県小山市雨ヶ谷新田27-22,,139.815843,36.288024,,,
092088,0114000069,栃木県小山市,屋敷下４号公園,ヤシキシタヨンゴウコウエン,1003,栃木県小山市雨ヶ谷新田43-29,,139.816489,36.289496,,,
092088,0114000070,栃木県小山市,屋敷下３号公園,ヤシキシタサンゴウコウエン,1003,栃木県小山市雨ヶ谷新田47-1,,139.816401,36.29051,,,
092088,0114000071,栃木県小山市,屋敷下６号公園,ヤシキシタロクゴウコウエン,1003,栃木県小山市雨ヶ谷新田50-6,,139.817516,36.29088,,,
092088,0114000072,栃木県小山市,屋敷下２号公園,ヤシキシタニゴウコウエン,1003,栃木県小山市雨ヶ谷新田52-3,,139.818089,36.29208,,,
092088,0114000073,栃木県小山市,屋敷下１号公園,ヤシキシタイチゴウコウエン,1003,栃木県小山市雨ヶ谷新田53-30,,139.818596,36.292558,,,
092088,0114000074,栃木県小山市,渡辺東１号公園,ワタナベヒガシイチゴウコウエン,1003,栃木県小山市雨ヶ谷新田73-98,,139.821347,36.294663,,,
092088,0114000075,栃木県小山市,東畑公園,ヒガシハタコウエン,1003,栃木県小山市雨ヶ谷新田78-24,,139.821371,36.290408,,,
092088,0114000076,栃木県小山市,東畑２号公園,ヒガシハタニゴウコウエン,1003,栃木県小山市雨ヶ谷新田79-63,,139.822758,36.290677,,,
092088,0114000077,栃木県小山市,牛ヶ渕２号公園,ウシガフチニゴウコウエン,1003,栃木県小山市雨ヶ谷新田82-19,,139.82147,36.287662,,,
092088,0114000078,栃木県小山市,牛ヶ渕公園,ウシガフチコウエン,1003,栃木県小山市雨ヶ谷新田83-34,,139.823041,36.284572,,,
092088,0114000079,栃木県小山市,屋敷下５号公園,ヤシキシタゴゴウコウエン,1003,栃木県小山市雨ヶ谷新田8-6,,139.819879,36.291758,,,
092088,0114000080,栃木県小山市,雨ヶ谷町公園,アマガヤチョウコウエン,1003,栃木県小山市雨ヶ谷町26,,139.813071,36.285275,,,
092088,0114000081,栃木県小山市,駅東通り公園,エキヒガシドオリコウエン,1003,栃木県小山市駅東通り1-1020-59,,139.804908,36.308816,,,
092088,0114000082,栃木県小山市,さつき公園,サツキコウエン,1003,栃木県小山市駅東通り1-14,,139.808464,36.308955,,,
092088,0114000083,栃木県小山市,やよい公園,ヤヨイコウエン,1003,栃木県小山市駅東通り1-44,,139.812216,36.308474,,,
092088,0114000084,栃木県小山市,駅東公園,エキヒガシコウエン,1003,栃木県小山市駅東通り2-25,,139.809811,36.311078,,,
092088,0114000085,栃木県小山市,白仲公園,ハクナカコウエン,1003,栃木県小山市駅東通り3-15-2,,139.812049,36.318105,,,
092088,0114000086,栃木県小山市,星ノ宮公園,ホシノミヤコウエン,1003,栃木県小山市駅東通り3-25-1,,139.814132,36.32105,,,
092088,0114000087,栃木県小山市,駅東通り３丁目公園,エキヒガシドオリサンチョウメコウエン,1003,栃木県小山市駅東通り3-965-4,,139.809949,36.316838,,,
092088,0114000088,栃木県小山市,祝町公園,イワイチョウコウエン,1003,栃木県小山市駅南町1-10,,139.809088,36.305326,,,
092088,0114000089,栃木県小山市,高辻第一公園,タカツジダイイチコウエン,1003,栃木県小山市駅南町2-13,,139.806427,36.302077,,,
092088,0114000090,栃木県小山市,高辻第二公園,タカツジダイニコウエン,1003,栃木県小山市駅南町4-12,,139.809905,36.301728,,,
092088,0114000091,栃木県小山市,あさひ公園,アサヒコウエン,1003,栃木県小山市駅南町5-6,,139.814606,36.303189,,,
092088,0114000092,栃木県小山市,森子塚公園,モリコヅカコウエン,1003,栃木県小山市駅南町6-11,,139.814338,36.30075,,,
092088,0114000093,栃木県小山市,南原公園,ミナミハラコウエン,1003,栃木県小山市延島2399-11,,139.879343,36.344933,,,
092088,0114000094,栃木県小山市,渡辺公園,ワタナベコウエン,1003,栃木県小山市横倉1298-4,,139.82113,36.29695,,,
092088,0114000095,栃木県小山市,西田７号公園,ニシダナナゴウコウエン,1003,栃木県小山市横倉1303-4,,139.820392,36.296076,,,
092088,0114000096,栃木県小山市,渡辺２号公園,ワタナベニゴウコウエン,1003,栃木県小山市横倉1310-3,,139.820066,36.295302,,,
092088,0114000097,栃木県小山市,西田公園,ニシダコウエン,1003,栃木県小山市横倉1311-14,,139.820346,36.294688,,,
092088,0114000098,栃木県小山市,西田４号公園,ニシダヨンゴウコウエン,1003,栃木県小山市横倉1317-18,,139.819872,36.293949,,,
092088,0114000099,栃木県小山市,西田２号公園,ニシダニゴウコウエン,1003,栃木県小山市横倉1321-16,,139.819816,36.29333,,,
092088,0114000100,栃木県小山市,西田５号公園,ニシダゴゴウコウエン,1003,栃木県小山市横倉1325-6,,139.819263,36.293292,,,
092088,0114000101,栃木県小山市,西田６号公園,ニシダロクゴウコウエン,1003,栃木県小山市横倉1349-9,,139.81571,36.290683,,,
092088,0114000102,栃木県小山市,西田３号公園,ニシダサンゴウコウエン,1003,栃木県小山市横倉1364-27,,139.81442,36.288116,,,
092088,0114000103,栃木県小山市,横倉本郷公園,ヨコクラホンゴウコウエン,1003,栃木県小山市横倉20-7,,139.829622,36.272724,,,
092088,0114000104,栃木県小山市,宮ノ内２号公園,ミヤノウチニゴウコウエン,1003,栃木県小山市横倉464-2,,139.828451,36.275292,,,
092088,0114000105,栃木県小山市,宮ノ内公園,ミヤノウチコウエン,1003,栃木県小山市横倉466-13,,139.82712,36.27594,,,
092088,0114000106,栃木県小山市,宮ノ内３号公園,ミヤノウチサンゴウコウエン,1003,栃木県小山市横倉474-50,,139.82772,36.274626,,,
092088,0114000107,栃木県小山市,中林３号公園,ナカバヤシサンゴウコウエン,1003,栃木県小山市横倉481-41,,139.826382,36.279723,,,
092088,0114000108,栃木県小山市,中林２号公園,ナカバヤシニゴウコウエン,1003,栃木県小山市横倉482-31,,139.827293,36.278264,,,
092088,0114000109,栃木県小山市,中林１号公園,ナカバヤシイチゴウコウエン,1003,栃木県小山市横倉484-10,,139.827208,36.278869,,,
092088,0114000110,栃木県小山市,中林５号公園,ナカバヤシゴゴウコウエン,1003,栃木県小山市横倉487-5,,139.827704,36.278489,,,
092088,0114000111,栃木県小山市,中林４号公園,ナカバヤシヨンゴウコウエン,1003,栃木県小山市横倉502-26,,139.833262,36.277602,,,
092088,0114000112,栃木県小山市,県道公園,ケンドウコウエン,1003,栃木県小山市横倉509-17,,139.833276,36.278914,,,
092088,0114000113,栃木県小山市,戸館公園,トタテコウエン,1003,栃木県小山市横倉787-34,,139.835544,36.27779,,,
092088,0114000114,栃木県小山市,戸舘２号公園,トタテニゴウコウエン,1003,栃木県小山市横倉794-7,,139.835467,36.277823,,,
092088,0114000115,栃木県小山市,街道北２号公園,カイドウキタニゴウコウエン,1003,栃木県小山市横倉新田362-11,,139.822839,36.288459,,,
092088,0114000116,栃木県小山市,窪公園,クボコウエン,1003,栃木県小山市横倉新田112-3,,139.822298,36.283179,,,
092088,0114000117,栃木県小山市,砂久保３号公園,スナクボサンゴウコウエン,1003,栃木県小山市横倉新田12-113,,139.821225,36.272614,,,
092088,0114000118,栃木県小山市,砂久保公園,スナクボコウエン,1003,栃木県小山市横倉新田12-50,,139.820541,36.272274,,,
092088,0114000119,栃木県小山市,下谷２号公園,シタヤニゴウコウエン,1003,栃木県小山市横倉新田134-18,,139.819963,36.280776,,,
092088,0114000120,栃木県小山市,下谷公園,シタヤコウエン,1003,栃木県小山市横倉新田155-25,,139.818105,36.280808,,,
092088,0114000121,栃木県小山市,下谷３号公園,シタヤサンゴウコウエン,1003,栃木県小山市横倉新田170-13,,139.8196,36.281689,,,
092088,0114000122,栃木県小山市,街道南公園,カイドウミナミコウエン,1003,栃木県小山市横倉新田177-42,,139.822191,36.283751,,,
092088,0114000123,栃木県小山市,街道南３号公園,カイドウミナミサンゴウコウエン,1003,栃木県小山市横倉新田188-34,,139.82254,36.287143,,,
092088,0114000124,栃木県小山市,街道南２号公園,カイドウミナミニゴウコウエン,1003,栃木県小山市横倉新田192-13,,139.822667,36.286269,,,
092088,0114000125,栃木県小山市,街道北１号公園,カイドウキタイチゴウコウエン,1003,栃木県小山市横倉新田226-32,,139.822515,36.289382,,,
092088,0114000126,栃木県小山市,砂久保２号公園,スナクボニゴウコウエン,1003,栃木県小山市横倉新田23-26,,139.820603,36.273735,,,
092088,0114000127,栃木県小山市,守武２号公園,モリタケニゴウコウエン,1003,栃木県小山市横倉新田253-28,,139.824916,36.275182,,,
092088,0114000128,栃木県小山市,守武４号公園,モリタケヨンゴウコウエン,1003,栃木県小山市横倉新田259-28,,139.825234,36.276051,,,
092088,0114000129,栃木県小山市,守武７号公園,モリタケナナゴウコウエン,1003,栃木県小山市横倉新田259-45,,139.825427,36.27638,,,
092088,0114000130,栃木県小山市,青木２号公園,アオキニゴウコウエン,1003,栃木県小山市横倉新田266-106,,139.82348,36.27686,,,
092088,0114000131,栃木県小山市,青木公園,アオキコウエン,1003,栃木県小山市横倉新田268-11,,139.821846,36.277116,,,
092088,0114000132,栃木県小山市,萩原２号公園,ハギワラニゴウコウエン,1003,栃木県小山市横倉新田283-32,,139.823674,36.279324,,,
092088,0114000133,栃木県小山市,萩原公園,ハギワラコウエン,1003,栃木県小山市横倉新田285-66,,139.824036,36.279793,,,
092088,0114000134,栃木県小山市,欠塚公園,カケヅカコウエン,1003,栃木県小山市横倉新田311-14,,139.82748,36.280963,,,
092088,0114000135,栃木県小山市,あけぼの公園,アケボノコウエン,1003,栃木県小山市横倉新田465,,139.830673,36.292478,,,
092088,0114000136,栃木県小山市,守武１号公園,モリタケイチゴウコウエン,1003,栃木県小山市横倉新田5-35,,139.825798,36.275177,,,
092088,0114000137,栃木県小山市,守武６号公園,モリタケロクゴウコウエン,1003,栃木県小山市横倉新田5-98,,139.827013,36.274461,,,
092088,0114000138,栃木県小山市,守武５号公園,モリタケゴゴウコウエン,1003,栃木県小山市横倉新田7-175,,139.824194,36.273972,,,
092088,0114000139,栃木県小山市,守藤２号公園,モリフジニゴウコウエン,1003,栃木県小山市横倉新田94-43,,139.818576,36.277619,,,
092088,0114000140,栃木県小山市,守藤３号公園,モリフジサンゴウコウエン,1003,栃木県小山市横倉新田95-147,,139.819234,36.276019,,,
092088,0114000141,栃木県小山市,守藤１号公園,モリフジイチゴウコウエン,1003,栃木県小山市横倉新田95-76,,139.819352,36.276683,,,
092088,0114000142,栃木県小山市,青木４号公園,アオキヨンゴウコウエン,1003,栃木県小山市横倉新田98-114,,139.82051,36.277864,,,
092088,0114000143,栃木県小山市,青木３号公園,アオキサンゴウコウエン,1003,栃木県小山市横倉新田98-78,,139.82063,36.277953,,,
092088,0114000144,栃木県小山市,乙女かわらの里公園,オトメカワラノサトコウエン,1003,栃木県小山市乙女1-126-1,,139.756285,36.262292,,,
092088,0114000145,栃木県小山市,町谷公園,マチヤコウエン,1003,栃木県小山市乙女1176-87,,139.74968,36.258882,,,
092088,0114000146,栃木県小山市,北浦公園,キタウラコウエン,1003,栃木県小山市乙女1-22,,139.756995,36.264018,,,
092088,0114000147,栃木県小山市,亀田公園,カメダコウエン,1003,栃木県小山市乙女1-32,,139.754741,36.261355,,,
092088,0114000148,栃木県小山市,乙女八幡宮公園,オトメハチマングウコウエン,1003,栃木県小山市乙女1343,,139.752467,36.258142,,,
092088,0114000149,栃木県小山市,乙女上町公園,オトメカミチョウコウエン,1003,栃木県小山市乙女2-18,,139.759264,36.261255,,,
092088,0114000150,栃木県小山市,あさひの公園,アサヒノコウエン,1003,栃木県小山市乙女3-106-14,,139.7617,36.259744,,,
092088,0114000151,栃木県小山市,乙女公園,オトメコウエン,1003,栃木県小山市乙女3-29,,139.758933,36.257048,,,
092088,0114000152,栃木県小山市,楓山公園,モミジヤマコウエン,1003,栃木県小山市乙女425-4,,139.758905,36.24994,,,
092088,0114000153,栃木県小山市,楓山３号公園,モミジヤマサンゴウコウエン,1003,栃木県小山市乙女445-145,,139.759681,36.253679,,,
092088,0114000154,栃木県小山市,楓山２号公園,モミジヤマニゴウコウエン,1003,栃木県小山市乙女453-43,,139.762604,36.253355,,,
092088,0114000155,栃木県小山市,乙女河岸,オトメカシ,1003,栃木県小山市乙女字川岸1924-5,,139.747545,36.262168,,,
092088,0114000156,栃木県小山市,楓山４号公園,モミジヤマヨンゴウコウエン,1003,栃木県小山市乙女字楓山463-15,,139.761217,36.251482,,,
092088,0114000157,栃木県小山市,旧思川公園（生井ふるさと公園）,キュウオモイガワコウエン（ナマイフルサトコウエン）,1003,栃木県小山市下生井1886,,139.707038,36.240534,,,
092088,0114000158,栃木県小山市,花垣町１丁目公園,ハナガキチョウイッチョウメコウエン,1003,栃木県小山市花垣町1-1842-2,,139.806462,36.324236,,,
092088,0114000159,栃木県小山市,花垣町２丁目公園,ハナガキチョウニチョウメコウエン,1003,栃木県小山市花垣町2-2547-28,,139.808749,36.320473,,,
092088,0114000160,栃木県小山市,上台２号公園,カミダイニゴウコウエン,1003,栃木県小山市外城208-21,,139.788627,36.301628,,,
092088,0114000161,栃木県小山市,上台公園,カミダイコウエン,1003,栃木県小山市外城152-4,,139.785797,36.302055,,,
092088,0114000162,栃木県小山市,下台公園,シモダイコウエン,1003,栃木県小山市外城2-7,,139.781613,36.294871,,,
092088,0114000163,栃木県小山市,小山総合公園,オヤマソウゴウコウエン,1003,栃木県小山市外城371-1,,139.782337,36.301696,,,
092088,0114000164,栃木県小山市,巴波川決壊口祈念公園,ウズマガワケッカイコウキネンコウエン,1003,栃木県小山市寒川937,,139.723849,36.277335,,,
092088,0114000165,栃木県小山市,富士見２号公園,フジミニゴウコウエン,1003,栃木県小山市間々田1118-6,,139.763648,36.262162,,,
092088,0114000166,栃木県小山市,六本木２号公園,ロッポンギニゴウコウエン,1003,栃木県小山市間々田136-31,,139.772943,36.259842,,,
092088,0114000167,栃木県小山市,間々田八幡公園,ママダハチマンコウエン,1003,栃木県小山市間々田2369,,139.767886,36.274416,,,
092088,0114000168,栃木県小山市,愛宕北公園,アタゴキタコウエン,1003,栃木県小山市間々田2407-10,,139.770051,36.273769,,,
092088,0114000169,栃木県小山市,牧ノ内公園,マキノウチコウエン,1003,栃木県小山市間々田2450-50,,139.772258,36.277418,,,
092088,0114000170,栃木県小山市,牧ノ内６号公園,マキノウチロクゴウコウエン,1003,栃木県小山市間々田2454-104,,139.767369,36.279356,,,
092088,0114000171,栃木県小山市,牧ノ内３号公園,マキノウチサンゴウコウエン,1003,栃木県小山市間々田2454-45,,139.769075,36.279019,,,
092088,0114000172,栃木県小山市,牧ノ内５号公園,マキノウチゴゴウコウエン,1003,栃木県小山市間々田2454-95,,139.768371,36.279286,,,
092088,0114000173,栃木県小山市,学校北公園,ガッコウキタコウエン,1003,栃木県小山市間々田2461-1,,139.766488,36.278121,,,
092088,0114000174,栃木県小山市,牧ノ内４号公園,マキノウチヨンゴウコウエン,1003,栃木県小山市間々田2510-53,,139.772124,36.279926,,,
092088,0114000175,栃木県小山市,牧ノ内７号公園,マキノウチナナゴウコウエン,1003,栃木県小山市間々田2512-49,,139.772006,36.281378,,,
092088,0114000176,栃木県小山市,牧の内８号公園,マキノウチハチゴウコウエン,1003,栃木県小山市間々田2512-77,,139.771203,36.280533,,,
092088,0114000177,栃木県小山市,牧ノ内２号公園,マキノウチニゴウコウエン,1003,栃木県小山市間々田2516-41,,139.77253,36.279198,,,
092088,0114000178,栃木県小山市,五料４号公園,ゴリョウヨンゴウコウエン,1003,栃木県小山市間々田752-8,,139.776821,36.271126,,,
092088,0114000179,栃木県小山市,五料３号公園,ゴリョウサンゴウコウエン,1003,栃木県小山市間々田776-42,,139.777763,36.273561,,,
092088,0114000180,栃木県小山市,五料２号公園,ゴリョウニゴウコウエン,1003,栃木県小山市間々田776-84,,139.77737,36.273054,,,
092088,0114000181,栃木県小山市,日光道西公園,ニッコウドウニシコウエン,1003,栃木県小山市喜沢1140-63,,139.815764,36.33877,,,
092088,0114000182,栃木県小山市,日光道西２号公園,ニッコウドウニシニゴウウエン,1003,栃木県小山市喜沢1148-5,,139.816193,36.337839,,,
092088,0114000183,栃木県小山市,海道西公園,カイドウニシコウエン,1003,栃木県小山市喜沢1272-3,,139.81515,36.337819,,,
092088,0114000184,栃木県小山市,海道東公園,カイドウヒガシコウエン,1003,栃木県小山市喜沢179-15,,139.815333,36.331727,,,
092088,0114000185,栃木県小山市,海道東２号公園,カイドウヒガシニゴウコウエン,1003,栃木県小山市喜沢190-6,,139.816108,36.333874,,,
092088,0114000186,栃木県小山市,陸羽道東２号公園,リクウドウヒガシニゴウコウエン,1003,栃木県小山市喜沢588-8,,139.821782,36.341268,,,
092088,0114000187,栃木県小山市,陸羽道東公園,リクウドウヒガシコウエン,1003,栃木県小山市喜沢590-30,,139.822521,36.341568,,,
092088,0114000188,栃木県小山市,海道東３号公園,カイドウヒガシサンゴウコウエン,1003,栃木県小山市喜沢6-28,,139.814013,36.328775,,,
092088,0114000189,栃木県小山市,海道間２号公園,カイドウマニゴウコウエン,1003,栃木県小山市喜沢656-17,,139.824966,36.345605,,,
092088,0114000190,栃木県小山市,海道間３号公園,カイドウマサンゴウコウエン,1003,栃木県小山市喜沢660-142,,139.821495,36.344403,,,
092088,0114000191,栃木県小山市,海道間１号公園,カイドウマイチゴウコウエン,1003,栃木県小山市喜沢662-20,,139.823318,36.343521,,,
092088,0114000192,栃木県小山市,海道間５号公園,カイドウマゴゴウコウエン,1003,栃木県小山市喜沢684-12,,139.819269,36.341481,,,
092088,0114000193,栃木県小山市,海道間４号公園,カイドウマヨンゴウコウエン,1003,栃木県小山市喜沢778-31,,139.817221,36.341788,,,
092088,0114000194,栃木県小山市,海道間６号公園,カイドウマロクゴウコウエン,1003,栃木県小山市喜沢648-47,,139.819757,36.341836,,,
092088,0114000195,栃木県小山市,富士見公園,フジミコウエン,1003,栃木県小山市暁1-5,,139.765664,36.26071,,,
092088,0114000196,栃木県小山市,もみじ公園,モミジコウエン,1003,栃木県小山市暁3-3,,139.760662,36.255716,,,
092088,0114000197,栃木県小山市,犬塚南公園,イヌヅカミナミコウエン,1003,栃木県小山市犬塚,（小山東部第一土地区画整理事業138-2街区）,139.827694,36.300497,,,
092088,0114000198,栃木県小山市,ひばり公園,ヒバリコウエン,1003,栃木県小山市犬塚,（小山東部第一土地区画整理事業119街区1画地）,139.828441,36.302855,,,
092088,0114000199,栃木県小山市,どんぐり公園,ドングリコウエン,1003,栃木県小山市犬塚,（小山東部第一土地区画整理事業81街区16-2画地）,139.822179,36.301187,,,
092088,0114000200,栃木県小山市,犬塚公園,イヌヅカコウエン,1003,栃木県小山市犬塚1-24,,139.830927,36.307051,,,
092088,0114000201,栃木県小山市,中ノ浦公園,ナカノウラコウエン,1003,栃木県小山市犬塚2-9,,139.83277,36.310668,,,
092088,0114000202,栃木県小山市,青葉公園,アオバコウエン,1003,栃木県小山市犬塚3-1,,139.82755,36.313105,,,
092088,0114000203,栃木県小山市,やまみち公園,ヤマミチコウエン,1003,栃木県小山市犬塚3-16,,139.831298,36.313165,,,
092088,0114000204,栃木県小山市,大丸公園,ダイマルコウエン,1003,栃木県小山市犬塚32-116,,139.827084,36.327157,,,
092088,0114000205,栃木県小山市,どんぐり山公園,ドングリヤマコウエン,1003,栃木県小山市犬塚4-14,,139.835546,36.311164,,,
092088,0114000206,栃木県小山市,谷ノ中公園,ヤノナカコウエン,1003,栃木県小山市犬塚5-21,,139.832785,36.304945,,,
092088,0114000207,栃木県小山市,平成公園,ヘイセイコウエン,1003,栃木県小山市犬塚6-10-3,,139.834435,36.301289,,,
092088,0114000208,栃木県小山市,さくら台公園,サクラダイコウエン,1003,栃木県小山市犬塚7-12-3,,139.836471,36.298401,,,
092088,0114000209,栃木県小山市,山ざくら公園,ヤマザクラコウエン,1003,栃木県小山市犬塚7-13-18,,139.83528,36.298062,,,
092088,0114000210,栃木県小山市,犬塚東公園,イヌヅカヒガシコウエン,1003,栃木県小山市犬塚7-4-1,,139.836894,36.30028,,,
092088,0114000211,栃木県小山市,2・9まち小径,フクマチコミチ,1003,栃木県小山市犬塚8-16-9,,139.832959,36.299505,,,
092088,0114000212,栃木県小山市,ひだまりの丘公園,ヒダマリノオカコウエン,1003,栃木県小山市犬塚8-1-7,,139.832869,36.303138,,,
092088,0114000213,栃木県小山市,悠遊公園,ユウユウコウエン,1003,栃木県小山市犬塚8-7-7,,139.831312,36.300475,,,
092088,0114000214,栃木県小山市,小山運動公園,オヤマウンドウコウエン,1003,栃木県小山市向野187,,139.851283,36.313351,,,
092088,0114000215,栃木県小山市,四性公園,シセイコウエン,1003,栃木県小山市荒井171-8,,139.839122,36.351189,,,
092088,0114000216,栃木県小山市,荒井団地公園,アライダンチコウエン,1003,栃木県小山市荒井78-38,,139.837503,36.348298,,,
092088,0114000217,栃木県小山市,やすらぎの森,ヤスラギノモリ,1003,栃木県小山市高椅1717,,139.883552,36.341246,,,
092088,0114000218,栃木県小山市,三峯２号公園,ミツミネニゴウコウエン,1003,栃木県小山市三峯2-1090-35,,139.805582,36.306679,,,
092088,0114000219,栃木県小山市,三峯１号公園,ミツミネイチゴウコウエン,1003,栃木県小山市三峯2-1107-23,,139.804417,36.304233,,,
092088,0114000220,栃木県小山市,若木町２丁目公園,ワカギチョウニチョウメコウエン,1003,栃木県小山市若木町2-1594-100,,139.807861,36.330088,,,
092088,0114000221,栃木県小山市,若木町３丁目公園,ワカギチョウサンチョウメコウエン,1003,栃木県小山市若木町3-1273-3,,139.810973,36.325914,,,
092088,0114000222,栃木県小山市,若木町さくら公園,ワカギチョウサクラコウエン,1003,栃木県小山市若木町3-1344-77,,139.80958,36.328867,,,
092088,0114000223,栃木県小山市,折元公園,オリモトコウエン,1003,栃木県小山市渋井617-1,,139.792809,36.329116,,,
092088,0114000224,栃木県小山市,出井公園,イデイコウエン,1003,栃木県小山市出井1035-95,,139.85146,36.328969,,,
092088,0114000225,栃木県小山市,七反２号公園,シチタンニゴウコウエン,1003,栃木県小山市小山28-16,,139.814554,36.290324,,,
092088,0114000226,栃木県小山市,七反公園,シチタンコウエン,1003,栃木県小山市小山8-7,,139.813285,36.286942,,,
092088,0114000227,栃木県小山市,豊田公民館前広場,トヨダコウミンカンマエヒロバ,1003,栃木県小山市松沼489,,139.781038,36.348545,,,
092088,0114000228,栃木県小山市,城山公園,シロヤマコウエン,1003,栃木県小山市城山町1-1,,139.799593,36.318741,,,
092088,0114000229,栃木県小山市,千手観音公園,センジュカンノンコウエン,1003,栃木県小山市城山町3-1752-19,,139.805903,36.316351,,,
092088,0114000230,栃木県小山市,城山・サクラ・コモン公園,シロヤマ・サクラ・コモンコウエン,1003,栃木県小山市城山町3-1993-13,,139.805137,36.314892,,,
092088,0114000231,栃木県小山市,城東公園,ジョウトウコウエン,1003,栃木県小山市城東1-19,,139.816296,36.310517,,,
092088,0114000232,栃木県小山市,いずみ公園,イズミコウエン,1003,栃木県小山市城東2-9,,139.813349,36.313385,,,
092088,0114000233,栃木県小山市,大橋公園,オオハシコウエン,1003,栃木県小山市城東3-3,,139.81441,36.316036,,,
092088,0114000234,栃木県小山市,城東４丁目公園,ジョウトウヨンチョウメコウエン,1003,栃木県小山市城東4-498-16,,139.822945,36.314254,,,
092088,0114000235,栃木県小山市,横町公園,ヨコマチコウエン,1003,栃木県小山市城東6-32,,139.823691,36.309638,,,
092088,0114000236,栃木県小山市,さくら公園,サクラコウエン,1003,栃木県小山市城東7-31,,139.82262,36.306776,,,
092088,0114000237,栃木県小山市,中丸公園,ナカマルコウエン,1003,栃木県小山市城北1-9-5,,139.814338,36.323932,,,
092088,0114000238,栃木県小山市,喜沢公園,キザワコウエン,1003,栃木県小山市城北2-9-6,,139.816668,36.328622,,,
092088,0114000239,栃木県小山市,向原北公園,ムカイハラキタコウエン,1003,栃木県小山市城北3-18-10,,139.823614,36.326059,,,
092088,0114000240,栃木県小山市,向原南公園,ムカイハラミナミコウエン,1003,栃木県小山市城北4-21-6,,139.82198,36.322451,,,
092088,0114000241,栃木県小山市,神山公園,カミヤマコウエン,1003,栃木県小山市神山1-1098,,139.799894,36.302655,,,
092088,0114000242,栃木県小山市,思川公園,オモイガワコウエン,1003,栃木県小山市神鳥谷108-1,,139.791296,36.307709,,,
092088,0114000243,栃木県小山市,一ノ久保公園,イチノクボコウエン,1003,栃木県小山市神鳥谷1-7,,139.792605,36.302192,,,
092088,0114000244,栃木県小山市,原之内公園,ハラノウチコウエン,1003,栃木県小山市神鳥谷1864-1,,139.804423,36.286561,,,
092088,0114000245,栃木県小山市,小山思いの森,オヤマオモイノモリ,1003,栃木県小山市神鳥谷2251-9,,139.802392,36.274894,,,
092088,0114000246,栃木県小山市,神久保公園,カミクボコウエン,1003,栃木県小山市神鳥谷2-29,,139.792169,36.299427,,,
092088,0114000247,栃木県小山市,柴内公園,シバウチコウエン,1003,栃木県小山市神鳥谷2-5,,139.795942,36.301681,,,
092088,0114000248,栃木県小山市,通り宿公園（通宿公園）,トオリジュクコウエン（トオリジュクコウエン）,1003,栃木県小山市神鳥谷4-8,,139.787461,36.296868,,,
092088,0114000249,栃木県小山市,中渋辺公園,ナカシベコウエン,1003,栃木県小山市神鳥谷6-11,,139.791456,36.293784,,,
092088,0114000250,栃木県小山市,ひまわり広場,ヒマワリヒロバ,1003,栃木県小山市神鳥谷677-13,,139.794011,36.304391,,,
092088,0114000251,栃木県小山市,曲輪公園,クルワコウエン,1003,栃木県小山市神鳥谷曲輪,,139.799888,36.303788,,,
092088,0114000252,栃木県小山市,治松公園,ジマツコウエン,1003,栃木県小山市西黒田115-4,,139.779278,36.266278,,,
092088,0114000253,栃木県小山市,治松２号公園,ジマツニゴウコウエン,1003,栃木県小山市西黒田127-28,,139.779278,36.266278,,,
092088,0114000254,栃木県小山市,九八幡公園,クハチマンコウエン,1003,栃木県小山市西黒田296-42,,139.780048,36.268089,,,
092088,0114000255,栃木県小山市,明亀公園,メイキコウエン,1003,栃木県小山市西黒田67-14,,139.779766,36.261828,,,
092088,0114000256,栃木県小山市,明亀公園,メイキコウエン,1003,栃木県小山市西黒田89-27,,139.779766,36.261828,,,
092088,0114000257,栃木県小山市,稲荷公園,イナリコウエン,1003,栃木県小山市西城南1-19,,139.79949,36.298215,,,
092088,0114000258,栃木県小山市,大正寺公園,タイショウジコウエン,1003,栃木県小山市西城南2-27,,139.804033,36.29628,,,
092088,0114000259,栃木県小山市,青蓮寺公園,セイレンジコウエン,1003,栃木県小山市西城南2-7,,139.802539,36.299393,,,
092088,0114000260,栃木県小山市,八幡公園,ハチマンコウエン,1003,栃木県小山市西城南5-25,,139.793948,36.292954,,,
092088,0114000261,栃木県小山市,田端公園,タバタコウエン,1003,栃木県小山市西城南5-42,,139.797971,36.29121,,,
092088,0114000262,栃木県小山市,希望ヶ丘公園,キボウガオカコウエン,1003,栃木県小山市西城南5-5,,139.799388,36.294141,,,
092088,0114000263,栃木県小山市,大割公園,オオワリコウエン,1003,栃木県小山市西城南6-30,,139.800399,36.289803,,,
092088,0114000264,栃木県小山市,大聖寺公園,ダイショウジコウエン,1003,栃木県小山市西城南6-7,,139.805456,36.290316,,,
092088,0114000265,栃木県小山市,石ノ上河川広場,イシノウエカセンヒロバ,1003,栃木県小山市石ノ上1062-2,,139.778156,36.303193,,,
092088,0114000266,栃木県小山市,十二所２号公園,ジュウニショニゴウコウエン,1003,栃木県小山市千駄塚522-19,,139.774015,36.286451,,,
092088,0114000267,栃木県小山市,十二所公園,ジュウニショコウエン,1003,栃木県小山市千駄塚543-11,,139.773481,36.285704,,,
092088,0114000268,栃木県小山市,西久保公園,ニシクボコウエン,1003,栃木県小山市千駄塚576-14,,139.771199,36.28255,,,
092088,0114000269,栃木県小山市,思川緑地,オモイガワリョクチ,1003,栃木県小山市大行寺1289,,139.793472,36.313189,,,
092088,0114000270,栃木県小山市,上川原公園,カミガワラコウエン,1003,栃木県小山市大行寺1380-55,,139.789151,36.319415,,,
092088,0114000271,栃木県小山市,思川アプローチ,オモイガワアプローチ,1003,栃木県小山市大字小山2374,,139.798315,36.315952,,,
092088,0114000272,栃木県小山市,谷新田公園,ヤシンデンコウエン,1003,栃木県小山市大本136-11,,139.781897,36.350991,,,
092088,0114000273,栃木県小山市,蔵前公園,クラマエコウエン,1003,栃木県小山市樽木293-1,,139.735003,36.25995,,,
092088,0114000274,栃木県小山市,楢木公園,ナラノキコウエン,1003,栃木県小山市樽木293-17,,139.735743,36.259652,,,
092088,0114000275,栃木県小山市,小山御殿広場,オヤマゴテンヒロバ,1003,栃木県小山市中央町1-3,,139.800501,36.315459,,,
092088,0114000276,栃木県小山市,陣場公園,ジンバコウエン,1003,栃木県小山市中久喜1104-14外,,139.84689,36.316518,,,
092088,0114000277,栃木県小山市,陣場公園,ジンバコウエン,1003,栃木県小山市中久喜1110-2,,139.84689,36.316518,,,
092088,0114000278,栃木県小山市,陣場３号公園,ジンバサンゴウコウエン,1003,栃木県小山市中久喜1152-38,,139.848551,36.319992,,,
092088,0114000279,栃木県小山市,陣場４号公園,ジンバヨンゴウコウエン,1003,栃木県小山市中久喜1166-34,,139.844234,36.320932,,,
092088,0114000280,栃木県小山市,陣場２号公園,ジンバニゴウコウエン,1003,栃木県小山市中久喜1175-20,,139.846313,36.318469,,,
092088,0114000281,栃木県小山市,中道公園,ナカミチコウエン,1003,栃木県小山市中久喜1237-7,,139.840243,36.317813,,,
092088,0114000282,栃木県小山市,西山２号公園,ニシヤマニゴウコウエン,1003,栃木県小山市中久喜1312-99,,139.838623,36.32717,,,
092088,0114000283,栃木県小山市,上野原公園,ウワノハラコウエン,1003,栃木県小山市中久喜1522-59,,139.850614,36.322591,,,
092088,0114000284,栃木県小山市,西山南公園,ニシヤマミナミコウエン,1003,栃木県小山市中久喜1-9,,139.836044,36.318605,,,
092088,0114000285,栃木県小山市,通宿１号公園,トオリジュクイチゴウコウエン,1003,栃木県小山市中久喜291-26,,139.840909,36.306081,,,
092088,0114000286,栃木県小山市,西山公園,ニシヤマコウエン,1003,栃木県小山市中久喜4-11,,139.836607,36.32259,,,
092088,0114000287,栃木県小山市,大シベ５号公園,オオシベゴゴウコウエン,1003,栃木県小山市塚崎1475-25,,139.808153,36.27691,,,
092088,0114000288,栃木県小山市,大シベ４号公園,オオシベヨンゴウコウエン,1003,栃木県小山市塚崎1481-3,,139.806859,36.277936,,,
092088,0114000289,栃木県小山市,大シベ６号公園,オオシベロクゴウコウエン,1003,栃木県小山市塚崎1481-38,,139.806131,36.278321,,,
092088,0114000290,栃木県小山市,大シベ２号公園,オオシベニゴウコウエン,1003,栃木県小山市塚崎1482-25,,139.806946,36.278915,,,
092088,0114000291,栃木県小山市,大シベ３号公園,オオシベサンゴウコウエン,1003,栃木県小山市塚崎1488-22,,139.806162,36.279243,,,
092088,0114000292,栃木県小山市,大シベ１号公園,オオシベイチゴウコウエン,1003,栃木県小山市塚崎1500-25,,139.805347,36.283161,,,
092088,0114000293,栃木県小山市,天神公園,テンジンコウエン,1003,栃木県小山市天神町1-2985,,139.798832,36.30531,,,
092088,0114000294,栃木県小山市,天神ふれあい公園,テンジンフレアイコウエン,1003,栃木県小山市天神町2-2070-2,,139.801331,36.307679,,,
092088,0114000295,栃木県小山市,宿尻公園,ヤドジリコウエン,1003,栃木県小山市田間717-5,,139.823982,36.271064,,,
092088,0114000296,栃木県小山市,小山道西２号公園,オヤマミチニシニゴウコウエン,1003,栃木県小山市田間723-36,,139.821845,36.271482,,,
092088,0114000297,栃木県小山市,小山道西公園,オヤマミチニシコウエン,1003,栃木県小山市田間726-27,,139.821105,36.271574,,,
092088,0114000298,栃木県小山市,なかよし公園,ナカヨシコウエン,1003,栃木県小山市土塔,（小山東部第一土地区画整理事業58街区）,139.823665,36.303864,,,
092088,0114000299,栃木県小山市,あおぞら公園,アオゾラコウエン,1003,栃木県小山市土塔,（小山東部第一土地区画整理事業48街区）,139.81687,36.305518,,,
092088,0114000300,栃木県小山市,土塔二グラウンド公園,ドトウニグラウンドコウエン,1003,栃木県小山市土塔,（小山東部第一土地区画整理事業89街区1画地）,139.82435,36.301353,,,
092088,0114000301,栃木県小山市,東谷２号公園,ヒガシタニニゴウコウエン,1003,栃木県小山市土塔,（小山東部第一土地区画整理事業48街区10画地）,139.81995,36.304572,,,
092088,0114000302,栃木県小山市,五料公園,ゴリョウコウエン,1003,栃木県小山市東間々田1-1,,139.776526,36.275408,,,
092088,0114000303,栃木県小山市,東雲公園,シノノメコウエン,1003,栃木県小山市東間々田1-12,,139.774326,36.270484,,,
092088,0114000304,栃木県小山市,学校南公園,ガッコウミナミコウエン,1003,栃木県小山市東間々田2-14,,139.770538,36.266416,,,
092088,0114000305,栃木県小山市,おさんみち公園（小原公園）,オサンミチコウエン（コハラコウエン）,1003,栃木県小山市東間々田2-28,,139.768904,36.264293,,,
092088,0114000306,栃木県小山市,谷端公園,ヤッパタコウエン,1003,栃木県小山市東間々田3-3,,139.772321,36.265333,,,
092088,0114000307,栃木県小山市,浅間東公園,アサマヒガシコウエン,1003,栃木県小山市東間々田3-40,,139.769245,36.259243,,,
092088,0114000309,栃木県小山市,萩山公園,ハギヤマコウエン,1003,栃木県小山市東城南1-14,,139.810452,36.297288,,,
092088,0114000310,栃木県小山市,中山公園,ナカヤマコウエン,1003,栃木県小山市東城南2-18,,139.816688,36.296259,,,
092088,0114000311,栃木県小山市,自由ヶ丘公園,ジユウガオカコウエン,1003,栃木県小山市東城南3-8,,139.816249,36.29268,,,
092088,0114000312,栃木県小山市,城南公園,ジョウナンコウエン,1003,栃木県小山市東城南4-17,,139.808518,36.292293,,,
092088,0114000313,栃木県小山市,西坪公園,ニシツボコウエン,1003,栃木県小山市東城南5-20,,139.809756,36.288264,,,
092088,0114000314,栃木県小山市,観音公園,カンノンコウエン,1003,栃木県小山市南乙女1-12-11,,139.756482,36.254974,,,
092088,0114000315,栃木県小山市,乙女下町公園,オトメシモチョウコウエン,1003,栃木県小山市南乙女1-5,,139.755264,36.255679,,,
092088,0114000316,栃木県小山市,春日野公園,カスガノコウエン,1003,栃木県小山市南乙女2-7-16,,139.754138,36.253708,,,
092088,0114000317,栃木県小山市,東原２号公園,ヒガシハラニゴウコウエン,1003,栃木県小山市南半田2046-6,,139.83068,36.366948,,,
092088,0114000318,栃木県小山市,東原公園,ヒガシハラコウエン,1003,栃木県小山市南半田2054-26,,139.833382,36.367765,,,
092088,0114000319,栃木県小山市,牛ヶ久保公園,ウシガクボコウエン,1003,栃木県小山市南半田413-22,,139.82043,36.360334,,,
092088,0114000320,栃木県小山市,前新田１号公園,マエシンデンイチゴウコウエン,1003,栃木県小山市南飯田664-278,,139.762129,36.248338,,,
092088,0114000321,栃木県小山市,生井桜づつみ,ナマイサクラヅツミ,1003,栃木県小山市白鳥350-2,,139.700893,36.245647,,,
092088,0114000322,栃木県小山市,やはた公園,ヤハタコウエン,1003,栃木県小山市八幡町1-134-10,,139.795011,36.309511,,,
092088,0114000323,栃木県小山市,鉢形四つ沼公園,ハチガタヨツヌマコウエン,1003,栃木県小山市鉢形1250-6,,139.856438,36.338288,,,
092088,0114000324,栃木県小山市,日の出公園,ヒノデコウエン,1003,栃木県小山市美しが丘1-11,,139.776995,36.26874,,,
092088,0114000325,栃木県小山市,間々田美しが丘公園,ママダウツクシガオカコウエン,1003,栃木県小山市美しが丘3-1,,139.773073,36.263483,,,
092088,0114000326,栃木県小山市,美しが丘ポケットパーク,ウツクシガオカポケットパーク,1003,栃木県小山市美しが丘3-105,,139.777626,36.258337,,,
092088,0114000327,栃木県小山市,六本木公園,ロッポンギコウエン,1003,栃木県小山市美しが丘3-32,,139.777287,36.259558,,,
092088,0114000328,栃木県小山市,扶桑第一公園,フソウダイイチコウエン,1003,栃木県小山市扶桑1-11,,139.815407,36.356842,,,
092088,0114000329,栃木県小山市,扶桑第二公園,フソウダイニコウエン,1003,栃木県小山市扶桑2-26,,139.815488,36.358525,,,
092088,0114000330,栃木県小山市,中道南２号公園,ナカミチミナミニゴウコウエン,1003,栃木県小山市平和132-20,,139.765887,36.253193,,,
092088,0114000331,栃木県小山市,中道南公園,ナカミチミナミコウエン,1003,栃木県小山市平和136-15,,139.766198,36.254022,,,
092088,0114000332,栃木県小山市,中道北公園,ナカミチキタコウエン,1003,栃木県小山市平和190-4,,139.766529,36.258103,,,
092088,0114000333,栃木県小山市,下道南２号公園,シモミチミナミニゴウコウエン,1003,栃木県小山市平和33-23,,139.764763,36.251254,,,
092088,0114000334,栃木県小山市,下道南公園,シモミチミナミコウエン,1003,栃木県小山市平和49-21,,139.764761,36.251247,,,
092088,0114000335,栃木県小山市,本郷町３丁目公園,ホンゴウチョウサンチョウメコウエン,1003,栃木県小山市本郷町3-2590-22,,139.807838,36.320159,,,
092088,0114000336,栃木県小山市,網戸公園,アジトコウエン,1003,栃木県小山市網戸791-2,,139.749131,36.278119,,,
092088,0114000337,栃木県小山市,高芝原公園,タカシバハラコウエン,1003,栃木県小山市立木1385-4,,139.790339,36.322547,,,
092088,0114000338,栃木県小山市,おやま縄文まつりの広場,オヤマジョウモンマツリノヒロバ,1003,栃木県小山市梁2075-4,,139.881925,36.32619,,,
092088,0114000339,栃木県小山市,城西北公園,ジョウサイキタコウエン,1003,栃木県小山市城西2-10-1,,139.787993472222,36.3270846111111,,,
092088,0114000340,栃木県小山市,城西中央公園,ジョウサイチュウオウコウエン,1003,栃木県小山市城西1-26-2,,139.788375694444,36.3247613055555,,,
092088,0114000341,栃木県小山市,平和天神山公園,ヒラワテンジンヤマコウエン,1003,栃木県小山市平和220-1,,139.766236472222,36.2597967777777,,,
092088,0114000342,栃木県小山市,反町公園,ソリマチコウエン,1003,栃木県小山市東野田2726-6,,139.813135222222,36.2512507777777,,,
092088,0114000343,栃木県小山市,城西南公園,ジョウサイミナミコウエン,1003,栃木県小山市城西1-13,,,,,,
092088,0114000344,栃木県小山市,喜沢南かずき公園,キザワミナミカズキコウエン,1003,栃木県小山市喜沢133,,139.814943361111,36.3304076111111,,,
092088,0114000345,栃木県小山市,西本郷１号公園,ニシホンゴウイチゴウコウエン,1003,栃木県小山市出井1762-26,,139.840644166666,36.3474294444444,,,
092088,0114000346,栃木県小山市,上野原２号公園,ウワノハラニゴウコウエン,1003,栃木県小山市中久喜1522-65,,139.849389527777,36.3226773888888,,,
092088,0114000347,栃木県小山市,板橋１号公園,イタバシイチゴウコウエン,1003,栃木県小山市松沼1004-5,,139.781269361111,36.3522467777777,,,
092088,0114000348,栃木県小山市,陳場３号公園,チンバサンゴウコウエン,1003,栃木県小山市羽川276-15,,,,,,
092088,0114000349,栃木県小山市,楓山５号公園,モミジヤマゴゴウコウエン,1003,栃木県小山市乙女424-16,,,,,,
092088,0114000350,栃木県小山市,上原１号公園,ウワハライチゴウコウエン,1003,栃木県小山市荒井441-31,,,,,,
